training_seed,checkpoint,batch_trajectories,batch_transitions,replicate,batch_seed,exact_f_norm,exact_g_norm,relative_f_error,relative_g_error,f_cosine,g_cosine
400,0,32,2048,0,950001744,0.4468140174474885,0.14801967259670154,8.214059256848827,275.191511709137,0.24013098186880824,-0.196601504873543
400,0,32,2048,1,950001745,0.4468140174474885,0.14801967259670154,9.829165687399964,300.22154382120436,-0.028924436496937843,-0.021725882169145356
400,0,32,2048,2,950001746,0.4468140174474885,0.14801967259670154,9.069229312077267,231.60504854734893,-0.02201344027092463,0.12406800869258085
400,0,32,2048,3,950001747,0.4468140174474885,0.14801967259670154,8.259198873216938,252.3342009705911,0.06372082728095164,-0.20090577412984223
400,0,64,4096,0,950002288,0.4468140174474885,0.14801967259670154,5.994048945183347,159.08879017376924,0.34709919190291216,-0.061696598294843696
400,0,64,4096,1,950002289,0.4468140174474885,0.14801967259670154,7.512549227994816,191.18962970578173,0.05262060129185513,-0.14765915967308288
400,0,64,4096,2,950002290,0.4468140174474885,0.14801967259670154,6.794577303971298,154.43511570814124,0.17162163702059519,0.10529187701704724
400,0,64,4096,3,950002291,0.4468140174474885,0.14801967259670154,6.191328445393459,135.8189187255636,0.22648255830376704,0.39182287694713896
400,0,128,8192,0,950003376,0.4468140174474885,0.14801967259670154,4.8012286926429555,80.72081124086449,0.3101462766732074,-0.01056505749532326
400,0,128,8192,1,950003377,0.4468140174474885,0.14801967259670154,4.857389963811804,77.64973726698261,0.26884425545735846,0.04191906274283785
400,0,128,8192,2,950003378,0.4468140174474885,0.14801967259670154,4.96142398388244,103.91095222027973,0.26899259591711383,-0.04967539801729383
400,0,128,8192,3,950003379,0.4468140174474885,0.14801967259670154,4.53485102684505,66.7370981656386,0.07839127994900436,0.012714094972102016
400,0,256,16384,0,950005552,0.4468140174474885,0.14801967259670154,3.3397333059573726,47.276903455781316,0.26566162902308543,0.08588836759829563
400,0,256,16384,1,950005553,0.4468140174474885,0.14801967259670154,2.851882282530835,34.52043742031133,0.5248745608735672,0.039463144671542306
400,0,256,16384,2,950005554,0.4468140174474885,0.14801967259670154,2.9029792041492835,34.72634555481971,0.49244192721830915,0.2733832047744615
400,0,256,16384,3,950005555,0.4468140174474885,0.14801967259670154,3.213961077354253,39.85658717739171,0.25797917632488093,0.06186354206500814
400,15,32,2048,0,950016879,0.4016272999484025,0.1316627625082898,10.924567192080517,324.8506605304038,0.17496753145829452,-0.022869978388392494
400,15,32,2048,1,950016880,0.4016272999484025,0.1316627625082898,10.057114035159268,389.7051163899103,-0.08836528081236937,0.054298184651871625
400,15,32,2048,2,950016881,0.4016272999484025,0.1316627625082898,10.099668901480412,305.88762430195345,0.19132610208472892,-0.18022082976998463
400,15,32,2048,3,950016882,0.4016272999484025,0.1316627625082898,10.786968382899529,350.89781817051414,0.15866743502628422,-0.14569102200582645
400,15,64,4096,0,950017423,0.4016272999484025,0.1316627625082898,7.524135949870997,180.9461611318372,0.10959133852460651,-0.0036756843989607982
400,15,64,4096,1,950017424,0.4016272999484025,0.1316627625082898,6.908059118349984,138.37300611326987,-0.0433028864888719,-0.13414820024862392
400,15,64,4096,2,950017425,0.4016272999484025,0.1316627625082898,7.439803538802264,243.48992914435732,0.17771514984240672,-0.12835296505926053
400,15,64,4096,3,950017426,0.4016272999484025,0.1316627625082898,6.854832071311784,187.64265430064668,0.04745670612172084,-0.10180555011460117
400,15,128,8192,0,950018511,0.4016272999484025,0.1316627625082898,4.935163287078934,78.29080548046848,0.3289713805090014,0.11254766835265546
400,15,128,8192,1,950018512,0.4016272999484025,0.1316627625082898,5.378496355771161,80.2442177256551,0.007201838387238652,-0.027871835783782016
400,15,128,8192,2,950018513,0.4016272999484025,0.1316627625082898,5.1856284740659495,93.54212425024276,0.33321432053510863,0.02546830938417436
400,15,128,8192,3,950018514,0.4016272999484025,0.1316627625082898,5.2999351020677254,72.01440322132645,-0.005428287838748677,-0.13400540927497914
400,15,256,16384,0,950020687,0.4016272999484025,0.1316627625082898,3.9510583882396655,54.473300873355974,0.009512782938146672,0.11911420981435024
400,15,256,16384,1,950020688,0.4016272999484025,0.1316627625082898,4.012246831794138,49.860119625284874,0.34222492229384766,-0.00026662390670371223
400,15,256,16384,2,950020689,0.4016272999484025,0.1316627625082898,3.447001824528523,39.402572972159085,0.23168114971691725,-0.17050600055291237
400,15,256,16384,3,950020690,0.4016272999484025,0.1316627625082898,3.773931038009368,52.26767205487181,0.41885580498571123,-0.07733694571276067
400,30,32,2048,0,950032014,0.3693730125686061,0.119779965554036,12.657632369025887,532.1240079558154,0.17822544928392256,-0.0901554497466161
400,30,32,2048,1,950032015,0.3693730125686061,0.119779965554036,11.428332466255712,459.6370029522496,0.044558253581215825,0.08706381730266018
400,30,32,2048,2,950032016,0.3693730125686061,0.119779965554036,12.445414948238223,594.0347736777773,0.13279205618312753,0.13125697441811168
400,30,32,2048,3,950032017,0.3693730125686061,0.119779965554036,11.741367297366079,364.3767383009682,0.037429359824191544,-0.02381033248845336
400,30,64,4096,0,950032558,0.3693730125686061,0.119779965554036,7.4592143595873965,193.49608487791892,0.02936398621378204,-0.07737412321222363
400,30,64,4096,1,950032559,0.3693730125686061,0.119779965554036,8.945054393852478,268.9741617746012,0.27143443123597855,-0.2044857963281773
400,30,64,4096,2,950032560,0.3693730125686061,0.119779965554036,8.115621329973573,191.38156515838008,0.115483868480525,-0.05024565449337262
400,30,64,4096,3,950032561,0.3693730125686061,0.119779965554036,8.896714368596745,206.96450888687232,-0.0254453302659683,0.14070247281976794
400,30,128,8192,0,950033646,0.3693730125686061,0.119779965554036,6.0263519251706965,102.35898073578228,0.09892656752608055,-0.04141245259257584
400,30,128,8192,1,950033647,0.3693730125686061,0.119779965554036,4.536827180947234,72.49388006673523,0.09455830427584885,0.006017523132199857
400,30,128,8192,2,950033648,0.3693730125686061,0.119779965554036,5.880718619997136,112.17064101898642,0.1404418388287618,0.07525216922528506
400,30,128,8192,3,950033649,0.3693730125686061,0.119779965554036,5.621143197692592,82.62624378525021,0.09245343792418802,0.09889910904972475
400,30,256,16384,0,950035822,0.3693730125686061,0.119779965554036,4.060343599881387,44.34558187968115,0.43581076654926537,0.1740569474192742
400,30,256,16384,1,950035823,0.3693730125686061,0.119779965554036,3.410578419110482,36.79426489076699,0.27146850697675573,-0.020492481225879277
400,30,256,16384,2,950035824,0.3693730125686061,0.119779965554036,3.9800648564989776,47.27979853581512,0.2783009411716776,0.05726433069206096
400,30,256,16384,3,950035825,0.3693730125686061,0.119779965554036,4.2497887793130475,51.15418378815473,0.2620837919764999,-0.11457568527100169
401,0,32,2048,0,950101747,0.3828041933973328,0.11673490815511516,11.615404815201215,561.3556050827709,0.0018332487906770295,-0.26853099313559925
401,0,32,2048,1,950101748,0.3828041933973328,0.11673490815511516,10.62028255660633,315.49851618638905,0.15161113226082953,-0.06291799075651526
401,0,32,2048,2,950101749,0.3828041933973328,0.11673490815511516,9.903233476756466,269.70258895935524,-0.0022259350406817406,-0.20217324980792123
401,0,32,2048,3,950101750,0.3828041933973328,0.11673490815511516,10.970593526013602,410.73836517779034,0.07117009068147698,-0.12896665932125415
401,0,64,4096,0,950102291,0.3828041933973328,0.11673490815511516,8.092666652594284,199.75586743836433,0.22528793922874457,0.023400506333690542
401,0,64,4096,1,950102292,0.3828041933973328,0.11673490815511516,6.971534100316521,163.72259586691743,0.12598037107535368,-0.049071183615837476
401,0,64,4096,2,950102293,0.3828041933973328,0.11673490815511516,7.134357008663449,166.20472264982882,0.06192059025346314,0.07614394721722378
401,0,64,4096,3,950102294,0.3828041933973328,0.11673490815511516,8.637739377565474,226.77963411954016,0.008544487097992208,0.020103683791624777
401,0,128,8192,0,950103379,0.3828041933973328,0.11673490815511516,5.634851852743712,99.973102986101,0.13592115568067178,0.07807723370859844
401,0,128,8192,1,950103380,0.3828041933973328,0.11673490815511516,5.752730562866967,92.15253881559858,0.02520591458326217,-0.013979387628518308
401,0,128,8192,2,950103381,0.3828041933973328,0.11673490815511516,5.5702201439003,107.49035318903147,0.2762912650684362,-0.1100906126106658
401,0,128,8192,3,950103382,0.3828041933973328,0.11673490815511516,5.058934820292504,85.01706813637459,0.18048165505532276,-0.13965850141541103
401,0,256,16384,0,950105555,0.3828041933973328,0.11673490815511516,4.034766767512385,47.17948742279442,0.1593252317232684,-0.10110702247628829
401,0,256,16384,1,950105556,0.3828041933973328,0.11673490815511516,4.442684173782484,58.76217670657695,0.22096458148496792,0.15119580000093538
401,0,256,16384,2,950105557,0.3828041933973328,0.11673490815511516,3.2795839508393945,41.47341400908071,0.18849953636008737,-0.1008253327944512
401,0,256,16384,3,950105558,0.3828041933973328,0.11673490815511516,3.921547023588796,67.54028972033534,0.3781931647938966,0.17149885984034532
401,15,32,2048,0,950116882,0.3233642047468031,0.09435591944439037,12.412083734050718,440.73573801801024,0.1694382491920906,0.07230606144647304
401,15,32,2048,1,950116883,0.3233642047468031,0.09435591944439037,14.406768361904652,674.3989853828232,0.11253864042240198,0.08101735254435442
401,15,32,2048,2,950116884,0.3233642047468031,0.09435591944439037,12.834544861156873,363.6962526404941,-0.1278221879404765,-0.06574846733068418
401,15,32,2048,3,950116885,0.3233642047468031,0.09435591944439037,12.492668214583919,390.78425957722567,0.19532804210977983,-0.17886625598515618
401,15,64,4096,0,950117426,0.3233642047468031,0.09435591944439037,8.909914688074409,308.8818366891716,0.07634084375156219,0.1529764695957892
401,15,64,4096,1,950117427,0.3233642047468031,0.09435591944439037,8.206458171699087,184.209770700678,0.13744269037527937,0.08995125837077489
401,15,64,4096,2,950117428,0.3233642047468031,0.09435591944439037,9.147791727800339,273.93310032352,0.27093345145423436,-0.14086550465492273
401,15,64,4096,3,950117429,0.3233642047468031,0.09435591944439037,7.756715878438476,200.51474044469242,0.2557298191981467,0.18061251229323502
401,15,128,8192,0,950118514,0.3233642047468031,0.09435591944439037,6.373472237066218,109.03819115684918,0.08033329782549019,0.2094956774015579
401,15,128,8192,1,950118515,0.3233642047468031,0.09435591944439037,6.026000594025842,136.95470973800946,0.09757038419568848,-0.1374786680760928
401,15,128,8192,2,950118516,0.3233642047468031,0.09435591944439037,6.802742348208997,163.20504354884,0.37957980535886576,-0.10771479206612898
401,15,128,8192,3,950118517,0.3233642047468031,0.09435591944439037,6.181656840788159,115.13763221630704,0.07560462684727481,0.1657564360976246
401,15,256,16384,0,950120690,0.3233642047468031,0.09435591944439037,5.1175146106071745,71.88452536671704,0.3091705798304814,-0.05925266559784333
401,15,256,16384,1,950120691,0.3233642047468031,0.09435591944439037,4.352725447681684,63.456523546168,0.2688779003343113,0.13321268780976014
401,15,256,16384,2,950120692,0.3233642047468031,0.09435591944439037,4.40293798232698,60.53125431634147,0.18534360139314737,0.04441752905536355
401,15,256,16384,3,950120693,0.3233642047468031,0.09435591944439037,4.422722218637258,58.563601947668054,0.10833211226122563,-0.03385618121447826
401,30,32,2048,0,950132017,0.2977770161265919,0.08661519989618781,12.605271402205112,357.6615781361625,0.17214849448533528,0.18229512712232224
401,30,32,2048,1,950132018,0.2977770161265919,0.08661519989618781,13.368885581161058,464.0550299704292,0.26673501493710416,0.14245961727981005
401,30,32,2048,2,950132019,0.2977770161265919,0.08661519989618781,15.352905877492255,543.7401756702423,0.10627802740651175,0.09241963225742245
401,30,32,2048,3,950132020,0.2977770161265919,0.08661519989618781,14.351967487098904,492.79806012611346,0.12614221185583105,0.00035800339371360465
401,30,64,4096,0,950132561,0.2977770161265919,0.08661519989618781,8.388928334052254,214.04668707225127,-0.10474054704977323,-0.09276531379832825
401,30,64,4096,1,950132562,0.2977770161265919,0.08661519989618781,10.956306501498315,287.8664239890705,0.1664977849040353,0.01435657044871326
401,30,64,4096,2,950132563,0.2977770161265919,0.08661519989618781,11.16333586006506,286.16852888397324,0.015829182183510856,0.11961648763386021
401,30,64,4096,3,950132564,0.2977770161265919,0.08661519989618781,10.675511697941891,273.68201732262355,0.13969500338846746,0.04025534659101053
401,30,128,8192,0,950133649,0.2977770161265919,0.08661519989618781,7.124240542355176,157.43792073905476,-0.050280600611164385,-0.19497672133124536
401,30,128,8192,1,950133650,0.2977770161265919,0.08661519989618781,6.253687807732421,119.0315378144739,0.2950250500823577,0.05647375393707487
401,30,128,8192,2,950133651,0.2977770161265919,0.08661519989618781,8.046233175482074,226.56059691205726,0.026964241984191725,0.10789142888305765
401,30,128,8192,3,950133652,0.2977770161265919,0.08661519989618781,7.754102189765202,146.3902767040179,0.2488266440709642,-0.015450911292567194
401,30,256,16384,0,950135825,0.2977770161265919,0.08661519989618781,5.025060897069998,66.49234679165883,0.04437594803252163,0.01872341516213732
401,30,256,16384,1,950135826,0.2977770161265919,0.08661519989618781,4.743501426837351,56.461112265628316,0.1104933785162957,0.07787870530747752
401,30,256,16384,2,950135827,0.2977770161265919,0.08661519989618781,4.476714244477924,52.4903939278351,0.10865271644462196,0.056378880054397416
401,30,256,16384,3,950135828,0.2977770161265919,0.08661519989618781,4.8253049764623235,54.93661024308273,0.12424509352463321,-0.007625486842233935
402,0,32,2048,0,950201750,0.39967668703292286,0.13810388741728086,9.191646387245587,246.04472821165461,0.06957819830913353,0.028651316627811292
402,0,32,2048,1,950201751,0.39967668703292286,0.13810388741728086,9.08415480282113,301.4734054803769,0.14602643967316178,0.044333554129868114
402,0,32,2048,2,950201752,0.39967668703292286,0.13810388741728086,8.785891018315036,244.30247237664508,0.02870822299719453,0.09222803630782764
402,0,32,2048,3,950201753,0.39967668703292286,0.13810388741728086,9.34149547345847,297.0415103751389,0.1761711699360367,0.18737386081965282
402,0,64,4096,0,950202294,0.39967668703292286,0.13810388741728086,7.298065055540286,166.57941177438272,0.06542781022527014,-0.011304833954871755
402,0,64,4096,1,950202295,0.39967668703292286,0.13810388741728086,7.312841368687809,143.85242700209756,0.09125739188106881,0.05559860459743424
402,0,64,4096,2,950202296,0.39967668703292286,0.13810388741728086,7.746701729428205,174.4697139757959,0.05335443512309971,0.001397966977255739
402,0,64,4096,3,950202297,0.39967668703292286,0.13810388741728086,7.301252067413754,172.32292687286474,0.10878399754602687,0.12025569607906574
402,0,128,8192,0,950203382,0.39967668703292286,0.13810388741728086,4.968665971010096,70.31846546137496,0.24487743338611231,0.0992283930830313
402,0,128,8192,1,950203383,0.39967668703292286,0.13810388741728086,5.5012679114273535,82.60011830187133,0.11355023682446336,-0.21450867728877676
402,0,128,8192,2,950203384,0.39967668703292286,0.13810388741728086,5.299283184459828,84.8131427326978,0.28204265731641265,0.10421753090494108
402,0,128,8192,3,950203385,0.39967668703292286,0.13810388741728086,4.400093315472226,57.53968962559124,0.2380316656021482,0.02439259616612376
402,0,256,16384,0,950205558,0.39967668703292286,0.13810388741728086,3.18208998284357,46.247125354674175,0.5119752333019933,0.09829263604042367
402,0,256,16384,1,950205559,0.39967668703292286,0.13810388741728086,3.534324072561014,36.41786887950982,0.1805826852023667,0.10801596289808879
402,0,256,16384,2,950205560,0.39967668703292286,0.13810388741728086,3.7603805659168112,40.818476448420526,0.25128250206034386,-0.23834002099655008
402,0,256,16384,3,950205561,0.39967668703292286,0.13810388741728086,3.4489134509344055,36.6189174418526,0.1384808729472259,-0.14869060019942762
402,15,32,2048,0,950216885,0.38147340751045367,0.12332106697766128,10.849715837500423,315.6963132417463,0.12372607142598875,-0.09257436755495026
402,15,32,2048,1,950216886,0.38147340751045367,0.12332106697766128,10.03232672864757,336.59887736446063,0.047939578191179916,-0.10492924623842306
402,15,32,2048,2,950216887,0.38147340751045367,0.12332106697766128,10.207834800608282,261.52482131116216,0.07376923018221193,0.03657620913587078
402,15,32,2048,3,950216888,0.38147340751045367,0.12332106697766128,8.613160806529578,235.02682999940387,0.2362302629216957,-0.20620947051078498
402,15,64,4096,0,950217429,0.38147340751045367,0.12332106697766128,7.008625783943512,156.40094208251168,0.24844512349806225,0.03828500437831827
402,15,64,4096,1,950217430,0.38147340751045367,0.12332106697766128,7.9879709254394236,202.65276257106774,-0.10069034796295401,-0.126081388695594
402,15,64,4096,2,950217431,0.38147340751045367,0.12332106697766128,7.413152336445023,200.91527500886855,0.1423026832734956,0.05720047163551747
402,15,64,4096,3,950217432,0.38147340751045367,0.12332106697766128,8.732657610580818,204.4385405999153,0.04376352275919062,0.08302014649869602
402,15,128,8192,0,950218517,0.38147340751045367,0.12332106697766128,5.9913262005578325,116.5195051959171,0.1923126123896603,0.007799719614875633
402,15,128,8192,1,950218518,0.38147340751045367,0.12332106697766128,5.256644882020642,81.6976641443775,0.30624513615148424,0.04968368437069189
402,15,128,8192,2,950218519,0.38147340751045367,0.12332106697766128,5.43877791178179,111.02930546665847,0.45494866145755597,0.0999144563488486
402,15,128,8192,3,950218520,0.38147340751045367,0.12332106697766128,5.258876408866752,99.3048973717435,0.33950211737342256,0.029985995377463815
402,15,256,16384,0,950220693,0.38147340751045367,0.12332106697766128,3.4476204865622653,44.16116263211617,0.4150897988606462,0.09050366969921955
402,15,256,16384,1,950220694,0.38147340751045367,0.12332106697766128,3.3048625557246365,36.83043867586101,0.20901680656695917,0.05854405403225015
402,15,256,16384,2,950220695,0.38147340751045367,0.12332106697766128,4.038766912467048,43.82744836868681,0.19525883672374847,0.19044007543635774
402,15,256,16384,3,950220696,0.38147340751045367,0.12332106697766128,3.4562257560952245,42.325997193278056,0.3488410621062962,0.009776666493523156
402,30,32,2048,0,950232020,0.36338936168153424,0.1204412537852967,10.195802191097172,276.96152962845906,0.0294687787551871,0.06677279807121758
402,30,32,2048,1,950232021,0.36338936168153424,0.1204412537852967,10.915531719251572,353.308677780568,-0.0033695821822356483,-0.15239177626422637
402,30,32,2048,2,950232022,0.36338936168153424,0.1204412537852967,11.338165505654622,474.7279962366718,0.02773595704101187,0.17272114690976295
402,30,32,2048,3,950232023,0.36338936168153424,0.1204412537852967,13.397478899743094,411.3487351635191,-0.11523444619144889,-0.18322280247598255
402,30,64,4096,0,950232564,0.36338936168153424,0.1204412537852967,6.992256826644205,151.0928030202567,0.3173518845613647,-0.16178989373892028
402,30,64,4096,1,950232565,0.36338936168153424,0.1204412537852967,7.2616150243996005,190.60821023086388,0.15074576274377788,0.1711937301600396
402,30,64,4096,2,950232566,0.36338936168153424,0.1204412537852967,8.199190348569697,157.01889388807848,0.04125868058684599,0.21897071775156832
402,30,64,4096,3,950232567,0.36338936168153424,0.1204412537852967,8.502835837476848,197.16205930943747,0.21144229955721247,-0.02941417293754154
402,30,128,8192,0,950233652,0.36338936168153424,0.1204412537852967,5.957288487960309,96.49940711521906,-0.012627669092743873,-0.04110210274967512
402,30,128,8192,1,950233653,0.36338936168153424,0.1204412537852967,5.717753192609984,102.04327206675865,0.17287029067252016,-0.21573294932480663
402,30,128,8192,2,950233654,0.36338936168153424,0.1204412537852967,6.216525652376951,119.32572802793254,0.20235752486311978,-0.10455351656989763
402,30,128,8192,3,950233655,0.36338936168153424,0.1204412537852967,5.790759734361117,95.4512573337465,-0.0785320959577181,-0.11688222167287066
402,30,256,16384,0,950235828,0.36338936168153424,0.1204412537852967,4.306552601526167,51.045706916207074,0.29930321515012825,-0.05277456495954807
402,30,256,16384,1,950235829,0.36338936168153424,0.1204412537852967,3.691871413812952,38.5016920368069,0.1907443117182727,-0.013475000991000553
402,30,256,16384,2,950235830,0.36338936168153424,0.1204412537852967,4.006571710505337,49.27988012438019,0.17598718785147113,0.17250814777088896
402,30,256,16384,3,950235831,0.36338936168153424,0.1204412537852967,4.1318740568796475,52.27771570652297,0.4650923214513901,0.06066573820856098
403,0,32,2048,0,950301753,0.43902543066903227,0.1505217564587769,8.94239220441374,274.14194932389415,0.1460335074409058,0.12784463972840623
403,0,32,2048,1,950301754,0.43902543066903227,0.1505217564587769,9.42067573148906,353.56865642588673,0.32213322880032813,-0.11104005304053502
403,0,32,2048,2,950301755,0.43902543066903227,0.1505217564587769,8.399128313861484,316.5743276733273,0.014128569430480449,-0.03027874168272575
403,0,32,2048,3,950301756,0.43902543066903227,0.1505217564587769,10.270422005534444,380.4951075942705,0.25357206016121514,0.010895937907722447
403,0,64,4096,0,950302297,0.43902543066903227,0.1505217564587769,7.1162385890727755,157.14643845812267,0.20765162696771805,-0.051271250474925235
403,0,64,4096,1,950302298,0.43902543066903227,0.1505217564587769,6.574678578560484,162.6706351777792,0.07011532369901259,0.0031986619740090832
403,0,64,4096,2,950302299,0.43902543066903227,0.1505217564587769,7.1831588915672056,173.25151296237817,0.35171228811398103,0.007931498115135691
403,0,64,4096,3,950302300,0.43902543066903227,0.1505217564587769,7.4123096430409925,223.81210940394828,0.38724161682733904,0.22257903751337937
403,0,128,8192,0,950303385,0.43902543066903227,0.1505217564587769,4.602657624394886,85.46437287435278,0.27431769193042316,0.13579763973398057
403,0,128,8192,1,950303386,0.43902543066903227,0.1505217564587769,4.100339358991324,69.64071938402483,0.3443554419156981,-0.013080806980651123
403,0,128,8192,2,950303387,0.43902543066903227,0.1505217564587769,5.390888368192424,88.41671215216643,0.18111059951958366,0.13721778788548875
403,0,128,8192,3,950303388,0.43902543066903227,0.1505217564587769,4.514097802479639,58.65633448805732,0.11999078689750228,0.03808567290233059
403,0,256,16384,0,950305561,0.43902543066903227,0.1505217564587769,3.092279327601502,31.873365315044282,0.2380399449146383,-0.013099534133475092
403,0,256,16384,1,950305562,0.43902543066903227,0.1505217564587769,3.4076039204465722,39.32919129381928,0.2767076870099266,0.042927437698979325
403,0,256,16384,2,950305563,0.43902543066903227,0.1505217564587769,3.758755261332175,51.69311095198058,0.38546274994163554,-0.1783859094530349
403,0,256,16384,3,950305564,0.43902543066903227,0.1505217564587769,3.4494707186211855,40.046665907718406,0.2904329614645215,-0.024230637805216972
403,15,32,2048,0,950316888,0.4001728085305483,0.14001712835386565,11.301917951065768,421.8095657972617,0.038111288731444405,-0.04506057265857773
403,15,32,2048,1,950316889,0.4001728085305483,0.14001712835386565,10.561984937691605,296.46454746606923,0.036167546518649965,-0.1597143119552393
403,15,32,2048,2,950316890,0.4001728085305483,0.14001712835386565,11.313564250033865,352.51166932788806,0.11120458088391615,0.041182020461663034
403,15,32,2048,3,950316891,0.4001728085305483,0.14001712835386565,9.93021601493229,370.70264386667725,0.11579762470541187,0.08870306584448248
403,15,64,4096,0,950317432,0.4001728085305483,0.14001712835386565,6.972086408064378,173.1650629303375,-0.03333237316299263,-0.1290759388618773
403,15,64,4096,1,950317433,0.4001728085305483,0.14001712835386565,6.81812343189667,114.83317477604515,0.009379489216221816,-0.1288331241685635
403,15,64,4096,2,950317434,0.4001728085305483,0.14001712835386565,7.0572405620909215,144.4157739127012,-0.2374138228917115,-0.12709731335453295
403,15,64,4096,3,950317435,0.4001728085305483,0.14001712835386565,6.320089663304609,157.95331678202544,0.23647613123228683,0.07620320234501594
403,15,128,8192,0,950318520,0.4001728085305483,0.14001712835386565,5.176802755227541,85.81034986723787,0.07967238382726184,-0.03849246384477526
403,15,128,8192,1,950318521,0.4001728085305483,0.14001712835386565,4.850597798961142,97.73688216376829,0.24794482430646644,-0.03447176105618084
403,15,128,8192,2,950318522,0.4001728085305483,0.14001712835386565,5.021208353028049,72.2084351468598,-0.08214837436890982,-0.04556147627121668
403,15,128,8192,3,950318523,0.4001728085305483,0.14001712835386565,4.853356990147346,72.58582994158041,0.02176581769162674,-0.12507794815829948
403,15,256,16384,0,950320696,0.4001728085305483,0.14001712835386565,3.559246415870706,35.52731875524786,0.18092022723458454,-0.007612269048938962
403,15,256,16384,1,950320697,0.4001728085305483,0.14001712835386565,3.5472107650618487,35.41148816471405,-0.06212577302575578,-0.07589600151397409
403,15,256,16384,2,950320698,0.4001728085305483,0.14001712835386565,3.747260034708206,53.55521597025877,0.3939426355425987,0.0955395576463862
403,15,256,16384,3,950320699,0.4001728085305483,0.14001712835386565,3.3860419599140057,37.898696079437045,0.3667470691883579,0.137817969904994
403,30,32,2048,0,950332023,0.37326901668566614,0.13051947238867337,10.259499974581848,279.8847475816944,0.12673573834278118,-0.15532850710506754
403,30,32,2048,1,950332024,0.37326901668566614,0.13051947238867337,10.654533186721016,303.3997093287213,0.16342243230713696,-0.03117192373061143
403,30,32,2048,2,950332025,0.37326901668566614,0.13051947238867337,11.2559515215234,380.34529270975634,0.20066071965262047,-0.14130421283042577
403,30,32,2048,3,950332026,0.37326901668566614,0.13051947238867337,10.64002246107225,481.31339431348977,-0.023975801287370202,-0.2300765860425447
403,30,64,4096,0,950332567,0.37326901668566614,0.13051947238867337,6.839334124431935,160.17440990129714,0.4003428904752822,-0.010511477765054846
403,30,64,4096,1,950332568,0.37326901668566614,0.13051947238867337,6.653028372587373,153.73290935634142,0.4077990095279487,-0.08262742621763194
403,30,64,4096,2,950332569,0.37326901668566614,0.13051947238867337,7.322350972472787,157.6505230042041,0.07296291434834949,-0.11348146032110966
403,30,64,4096,3,950332570,0.37326901668566614,0.13051947238867337,7.223624470903876,150.88353482314852,0.2224415449098481,-0.04553036118081766
403,30,128,8192,0,950333655,0.37326901668566614,0.13051947238867337,6.365070452373345,117.18745977088798,0.1650073873603513,-0.045135524640078944
403,30,128,8192,1,950333656,0.37326901668566614,0.13051947238867337,4.751338637356937,72.46924811626224,0.15146639509644458,0.11339514317487473
403,30,128,8192,2,950333657,0.37326901668566614,0.13051947238867337,5.746491123872204,97.03524345035838,0.18700697726031776,0.14831426412117327
403,30,128,8192,3,950333658,0.37326901668566614,0.13051947238867337,5.918547095191088,108.17522693905325,0.2974110304488111,-0.13121525138217627
403,30,256,16384,0,950335831,0.37326901668566614,0.13051947238867337,3.9016017697365863,40.98736263457233,-0.007358964048355956,-0.25213811424749766
403,30,256,16384,1,950335832,0.37326901668566614,0.13051947238867337,4.543366322149859,65.4510917177534,0.25598765277278396,-0.12157169843205387
403,30,256,16384,2,950335833,0.37326901668566614,0.13051947238867337,3.9296979574115087,44.69557546383226,0.33107342809313084,0.05698483977188099
403,30,256,16384,3,950335834,0.37326901668566614,0.13051947238867337,3.71789218880042,42.47964840326664,0.35236245407075284,0.041315714775068145
404,0,32,2048,0,950401756,0.3367396424907779,0.10047028627707374,11.791172829618853,424.8434528627442,0.07126523195688056,0.017668327115259258
404,0,32,2048,1,950401757,0.3367396424907779,0.10047028627707374,12.38562039851312,418.988528250982,-0.021243256817989723,-0.0004738668884901253
404,0,32,2048,2,950401758,0.3367396424907779,0.10047028627707374,11.83087062289335,368.47879609535505,0.058598978816309724,-0.07477814676342519
404,0,32,2048,3,950401759,0.3367396424907779,0.10047028627707374,12.198460577214009,332.8710412623691,0.014154826524073091,0.056544781458198634
404,0,64,4096,0,950402300,0.3367396424907779,0.10047028627707374,9.2149911325924,211.58565279125798,0.290920143296749,0.2055889656930631
404,0,64,4096,1,950402301,0.3367396424907779,0.10047028627707374,7.74896939302226,171.033846198108,0.097955929328262,0.04400843909380359
404,0,64,4096,2,950402302,0.3367396424907779,0.10047028627707374,9.896360517947217,265.1332207275958,0.0747294069319521,-0.008945662879882169
404,0,64,4096,3,950402303,0.3367396424907779,0.10047028627707374,8.138404988736898,199.4700682367808,0.11122846690822726,0.07497859249577313
404,0,128,8192,0,950403388,0.3367396424907779,0.10047028627707374,6.0782291229697085,117.09358384603702,0.2057436487913782,-0.11130776213062221
404,0,128,8192,1,950403389,0.3367396424907779,0.10047028627707374,5.643368198417197,78.52172803924967,0.07873181998428314,0.10190938728088608
404,0,128,8192,2,950403390,0.3367396424907779,0.10047028627707374,5.225627793384742,87.73594198255567,0.35405577853707315,-0.026002955967687348
404,0,128,8192,3,950403391,0.3367396424907779,0.10047028627707374,5.5219731372221545,106.89643135355027,0.20428042831596518,0.07922377398427319
404,0,256,16384,0,950405564,0.3367396424907779,0.10047028627707374,4.25926595293421,48.3415961619154,0.3606885134565917,-0.01483553603663676
404,0,256,16384,1,950405565,0.3367396424907779,0.10047028627707374,3.7900927306204464,40.90696229826706,0.27638198455047075,0.1338307307749744
404,0,256,16384,2,950405566,0.3367396424907779,0.10047028627707374,4.202140588205465,44.27572697412409,0.13112367746349896,0.12733371806858584
404,0,256,16384,3,950405567,0.3367396424907779,0.10047028627707374,4.1324539852709075,53.75966812551605,0.3787166796287083,0.2821389276663756
404,15,32,2048,0,950416891,0.2837064073382422,0.07921753470357124,13.905610976315437,661.4047009283046,0.1211590299303907,-0.10461388673984638
404,15,32,2048,1,950416892,0.2837064073382422,0.07921753470357124,13.894660400314473,590.3526788594302,0.05974561101267961,0.13306369946063465
404,15,32,2048,2,950416893,0.2837064073382422,0.07921753470357124,12.96615147626425,483.23804347100355,0.21220398926240552,-0.1722338526889445
404,15,32,2048,3,950416894,0.2837064073382422,0.07921753470357124,12.801797710602473,440.5658895293388,-0.013848613096085424,-0.08557216737103931
404,15,64,4096,0,950417435,0.2837064073382422,0.07921753470357124,10.869876964022238,340.34267852758893,-0.12322203426990545,-0.14586762084311894
404,15,64,4096,1,950417436,0.2837064073382422,0.07921753470357124,9.304167537988189,239.35970755236497,0.2359068518350828,0.21614639958123041
404,15,64,4096,2,950417437,0.2837064073382422,0.07921753470357124,10.113292012273936,253.31178015696167,0.2114192680286649,0.024879685536561377
404,15,64,4096,3,950417438,0.2837064073382422,0.07921753470357124,8.273798890581082,174.76524354586758,0.03204004587145582,-0.1958639484650932
404,15,128,8192,0,950418523,0.2837064073382422,0.07921753470357124,6.51170397790174,94.62281981585033,0.2078172620716897,-0.07783681155879896
404,15,128,8192,1,950418524,0.2837064073382422,0.07921753470357124,8.125122013459379,137.46471887444997,-0.0026767828044979374,-0.1185384380209074
404,15,128,8192,2,950418525,0.2837064073382422,0.07921753470357124,6.391760150579429,109.61654523855053,0.19446008185236838,-0.016585097399981107
404,15,128,8192,3,950418526,0.2837064073382422,0.07921753470357124,6.886362722962703,109.67808577263925,0.05927540698585857,-0.027223643227654654
404,15,256,16384,0,950420699,0.2837064073382422,0.07921753470357124,4.304934641476524,49.685529502349254,0.38574157846554635,0.3187106941155212
404,15,256,16384,1,950420700,0.2837064073382422,0.07921753470357124,4.371114813542487,61.399052875659386,0.19395766718057744,0.05449802023651419
404,15,256,16384,2,950420701,0.2837064073382422,0.07921753470357124,4.541320289465487,55.574873651967984,0.20753156460815722,-0.06976956869318754
404,15,256,16384,3,950420702,0.2837064073382422,0.07921753470357124,4.964006187056332,67.55632090105082,0.2736185971130303,-0.01006515627743095
404,30,32,2048,0,950432026,0.2525818364526498,0.07009766877573002,15.921216601466098,678.188074840251,0.03657861659397957,-0.06264364244070976
404,30,32,2048,1,950432027,0.2525818364526498,0.07009766877573002,13.888330743736189,444.3650732660011,-0.06295326578167003,-0.08503176049575
404,30,32,2048,2,950432028,0.2525818364526498,0.07009766877573002,16.470864813318098,739.6482612639772,0.040787228194176114,-0.06839541119499719
404,30,32,2048,3,950432029,0.2525818364526498,0.07009766877573002,13.461253440829061,621.3609392816496,0.03365022750129444,0.04901726785406986
404,30,64,4096,0,950432570,0.2525818364526498,0.07009766877573002,10.570977762144153,269.93242860130016,0.10069152089625312,0.04715963839252499
404,30,64,4096,1,950432571,0.2525818364526498,0.07009766877573002,11.374372497708212,272.1632442277308,0.2601145702067836,0.14026590929149865
404,30,64,4096,2,950432572,0.2525818364526498,0.07009766877573002,9.710074167798531,238.60025769676707,0.16958188337070865,0.04959307154264527
404,30,64,4096,3,950432573,0.2525818364526498,0.07009766877573002,11.060689275473356,242.17489832759722,0.07358550482461701,0.18173157145204125
404,30,128,8192,0,950433658,0.2525818364526498,0.07009766877573002,8.978856200634302,199.83109623255416,0.3131246862351432,-0.10148566702649484
404,30,128,8192,1,950433659,0.2525818364526498,0.07009766877573002,7.275047044533888,125.11270021150183,-0.002132360492970104,0.15188668537299563
404,30,128,8192,2,950433660,0.2525818364526498,0.07009766877573002,7.693346917208637,132.67843046645456,-0.04794532265799244,-0.12870548614553043
404,30,128,8192,3,950433661,0.2525818364526498,0.07009766877573002,7.24009109504214,120.69067141127356,0.1625604351988833,0.16940278025336808
404,30,256,16384,0,950435834,0.2525818364526498,0.07009766877573002,5.40861711581757,79.21677508621276,0.27391069866169404,-0.03473092532355975
404,30,256,16384,1,950435835,0.2525818364526498,0.07009766877573002,5.278586552043317,65.15710413973655,0.0778223871137508,-0.19486089387488362
404,30,256,16384,2,950435836,0.2525818364526498,0.07009766877573002,5.039351599803144,77.4978683945898,0.14726950857317003,-0.07031803590141926
404,30,256,16384,3,950435837,0.2525818364526498,0.07009766877573002,5.809113118479295,95.64264193067898,0.2796807312816741,0.08127089228536269
405,0,32,2048,0,950501759,0.3469088222502325,0.09645278712589013,10.846434134791354,336.6840134956714,-0.025467751422813305,0.06967860093165709
405,0,32,2048,1,950501760,0.3469088222502325,0.09645278712589013,12.473903609420812,485.53386796936263,-0.19873867726146252,0.1525450421093171
405,0,32,2048,2,950501761,0.3469088222502325,0.09645278712589013,10.589820059255628,358.43002131954484,0.26122503008610753,-0.1003303857727656
405,0,32,2048,3,950501762,0.3469088222502325,0.09645278712589013,10.791290902288353,443.4570336077879,-0.01730036823596965,0.17956970085727628
405,0,64,4096,0,950502303,0.3469088222502325,0.09645278712589013,7.842960416764725,178.5611232832963,0.0031702141603032336,-0.1703305720883572
405,0,64,4096,1,950502304,0.3469088222502325,0.09645278712589013,7.800919169249273,201.15609495029187,0.3870952858644927,-0.07196570098164924
405,0,64,4096,2,950502305,0.3469088222502325,0.09645278712589013,8.576394056079362,255.03529722700503,-0.038565136833219785,-0.15799477743213358
405,0,64,4096,3,950502306,0.3469088222502325,0.09645278712589013,8.732317180996471,293.82372686408587,0.23886702123641815,0.04357059534046841
405,0,128,8192,0,950503391,0.3469088222502325,0.09645278712589013,5.753369044676708,117.52724613674164,0.18948291677112125,0.0507396527825457
405,0,128,8192,1,950503392,0.3469088222502325,0.09645278712589013,5.541564571416441,104.96560791193014,0.38334026378616815,0.12430101657992346
405,0,128,8192,2,950503393,0.3469088222502325,0.09645278712589013,5.946541784534154,99.19874452674846,0.06656585107425231,-0.0991264118231764
405,0,128,8192,3,950503394,0.3469088222502325,0.09645278712589013,6.268729798960442,101.06183226156645,0.10494727881945384,0.07063509515468518
405,0,256,16384,0,950505567,0.3469088222502325,0.09645278712589013,4.365839707911986,68.92117509767,0.37628792129551897,0.07020540259954824
405,0,256,16384,1,950505568,0.3469088222502325,0.09645278712589013,4.165395184898673,61.998721102469496,0.24360029151687934,0.10796467918392244
405,0,256,16384,2,950505569,0.3469088222502325,0.09645278712589013,4.237222602325073,62.579819990383086,0.3501254037035152,-0.04503430486931388
405,0,256,16384,3,950505570,0.3469088222502325,0.09645278712589013,3.996655102576962,46.979674312163155,0.21540264960955946,0.07791611098769737
405,15,32,2048,0,950516894,0.3181656716789561,0.08254781551770174,11.270743448853219,382.8286086928204,0.057938316531622694,-0.14917339400137888
405,15,32,2048,1,950516895,0.3181656716789561,0.08254781551770174,13.367899524639375,473.8464135458167,0.10889895663419012,0.019401824197697388
405,15,32,2048,2,950516896,0.3181656716789561,0.08254781551770174,13.65960233765157,487.0870566584552,0.06991236698828969,0.05698816789293068
405,15,32,2048,3,950516897,0.3181656716789561,0.08254781551770174,13.402827949037311,491.67306225844584,0.05415181822963069,0.12317007906564403
405,15,64,4096,0,950517438,0.3181656716789561,0.08254781551770174,9.14367588294002,274.60996029924195,0.20505722389107317,0.21993498810485612
405,15,64,4096,1,950517439,0.3181656716789561,0.08254781551770174,8.845315425625,245.52020897972926,0.2921223773822272,-0.061881128764834065
405,15,64,4096,2,950517440,0.3181656716789561,0.08254781551770174,10.077662535373383,289.59052175505684,0.09981094334279306,0.2662141416125704
405,15,64,4096,3,950517441,0.3181656716789561,0.08254781551770174,10.873762194412004,334.4979113857307,0.002695063721481977,-0.09310243029806468
405,15,128,8192,0,950518526,0.3181656716789561,0.08254781551770174,5.995618808070707,89.35236462914396,-0.1411690920064714,-0.025150483667212016
405,15,128,8192,1,950518527,0.3181656716789561,0.08254781551770174,6.10211416889012,136.4949429760645,0.10852822679110657,-0.08267198963734668
405,15,128,8192,2,950518528,0.3181656716789561,0.08254781551770174,6.916411540908468,142.10379907867298,0.17107286910531766,0.036110298443381664
405,15,128,8192,3,950518529,0.3181656716789561,0.08254781551770174,6.413239541970073,118.45186014277627,0.22810860845620073,0.07232542919293417
405,15,256,16384,0,950520702,0.3181656716789561,0.08254781551770174,4.76308861881015,67.10146604911432,0.38599903180801276,0.2335499009681397
405,15,256,16384,1,950520703,0.3181656716789561,0.08254781551770174,4.546458174302029,69.93926550373611,0.1206018464452677,-0.023745449084547274
405,15,256,16384,2,950520704,0.3181656716789561,0.08254781551770174,4.967913296169768,73.99487271628782,0.23914752628932015,0.09560412435183213
405,15,256,16384,3,950520705,0.3181656716789561,0.08254781551770174,4.51118966839873,60.21700685730233,0.2721944124971896,-0.10635496229126411
405,30,32,2048,0,950532029,0.29667292601700573,0.07344191462763248,13.559494299280319,583.354380085272,0.06343814188738706,-0.0220435790315382
405,30,32,2048,1,950532030,0.29667292601700573,0.07344191462763248,14.036075519149346,475.2083403649179,-0.023990655243937658,0.11848813961270065
405,30,32,2048,2,950532031,0.29667292601700573,0.07344191462763248,16.02328131596847,727.8713114539615,0.17045410967633445,0.08170878840160585
405,30,32,2048,3,950532032,0.29667292601700573,0.07344191462763248,14.233258537844003,467.98032629574897,0.05781575548108533,0.06292333462807606
405,30,64,4096,0,950532573,0.29667292601700573,0.07344191462763248,9.67522907863469,292.5553828879983,0.16941579897487238,0.01851931648873769
405,30,64,4096,1,950532574,0.29667292601700573,0.07344191462763248,9.387966679118525,271.06331070381526,0.07346862293875683,-0.05097445479381222
405,30,64,4096,2,950532575,0.29667292601700573,0.07344191462763248,8.58514330699308,244.2381228389793,0.06835099277312279,0.09715038510473857
405,30,64,4096,3,950532576,0.29667292601700573,0.07344191462763248,8.789182151969996,253.81687242978623,0.2835411922337714,-0.08814393938345201
405,30,128,8192,0,950533661,0.29667292601700573,0.07344191462763248,6.712975277600433,133.11810190933863,0.10028920921946935,0.13803007628005692
405,30,128,8192,1,950533662,0.29667292601700573,0.07344191462763248,7.7852194449356205,173.16495839726292,0.05453251976281723,0.0034861302016671327
405,30,128,8192,2,950533663,0.29667292601700573,0.07344191462763248,7.349409961227721,140.63497184461357,0.08431079367849348,0.006142344213286652
405,30,128,8192,3,950533664,0.29667292601700573,0.07344191462763248,6.298783507855518,142.8523095014573,0.02804411176154894,-0.11562843524113713
405,30,256,16384,0,950535837,0.29667292601700573,0.07344191462763248,4.16486286086592,58.834353411310026,0.20071809224199133,-0.015012887097110537
405,30,256,16384,1,950535838,0.29667292601700573,0.07344191462763248,4.668924697828028,68.64200311684297,0.29257450458565354,0.04299270403156933
405,30,256,16384,2,950535839,0.29667292601700573,0.07344191462763248,4.851839683734426,64.01375727632507,0.08837888656386333,-0.17168693061525553
405,30,256,16384,3,950535840,0.29667292601700573,0.07344191462763248,4.180826903426569,53.744728450324324,0.12306218324678429,0.12338020230663073
406,0,32,2048,0,950601762,0.4124791147127563,0.13895440367758755,10.128609403106076,325.61164271021283,0.17091960082658547,0.0017840671410791382
406,0,32,2048,1,950601763,0.4124791147127563,0.13895440367758755,10.452358030820266,381.5345958225996,0.07939080830408056,0.01700996790320992
406,0,32,2048,2,950601764,0.4124791147127563,0.13895440367758755,10.07093108223867,329.2505510384402,0.14422695394018054,-0.11544376882561616
406,0,32,2048,3,950601765,0.4124791147127563,0.13895440367758755,9.454460915617668,255.1511862585295,0.12993174954987471,0.19523444273758453
406,0,64,4096,0,950602306,0.4124791147127563,0.13895440367758755,8.299975196105366,208.17903875130773,0.13725550099438538,-0.15463171085345395
406,0,64,4096,1,950602307,0.4124791147127563,0.13895440367758755,7.088636149793701,157.3625888650347,0.18386024028556483,0.061744327379031946
406,0,64,4096,2,950602308,0.4124791147127563,0.13895440367758755,6.882521388722626,135.6508192844816,0.27108584473866226,0.1424227902866796
406,0,64,4096,3,950602309,0.4124791147127563,0.13895440367758755,8.347767112728757,185.3861523125174,0.007889678574260614,0.14533579211843065
406,0,128,8192,0,950603394,0.4124791147127563,0.13895440367758755,4.450155142439769,68.88812501203596,0.24312275943360978,0.10858858447828586
406,0,128,8192,1,950603395,0.4124791147127563,0.13895440367758755,4.694904621721882,63.529258563720404,0.18919562442432544,0.05954294815253568
406,0,128,8192,2,950603396,0.4124791147127563,0.13895440367758755,4.785732835773566,88.51312447173724,0.3037683802591009,-0.06259802757263351
406,0,128,8192,3,950603397,0.4124791147127563,0.13895440367758755,4.427414476988657,56.9429840472087,0.22331504691264606,0.0683356348243221
406,0,256,16384,0,950605570,0.4124791147127563,0.13895440367758755,2.681795360989726,25.20028929612377,0.12387713045595651,0.08216248636470513
406,0,256,16384,1,950605571,0.4124791147127563,0.13895440367758755,3.538814078335322,40.24943668955379,0.3027311021091684,-0.22646425086031624
406,0,256,16384,2,950605572,0.4124791147127563,0.13895440367758755,3.487462990279939,41.339196581714305,0.27025270165604304,-0.1426192323385251
406,0,256,16384,3,950605573,0.4124791147127563,0.13895440367758755,3.6324698570491543,44.40076859366741,0.3021803011420661,0.20505796026174547
406,15,32,2048,0,950616897,0.33488691837535883,0.10131475212291624,10.99087084595177,343.4395329255288,-0.009147664451801683,0.08351232348616593
406,15,32,2048,1,950616898,0.33488691837535883,0.10131475212291624,11.665947594579693,546.5256214299768,0.0634078199138738,-0.08115704328131518
406,15,32,2048,2,950616899,0.33488691837535883,0.10131475212291624,13.01660928612747,416.59967913689206,0.030039349217663568,0.22112642130811214
406,15,32,2048,3,950616900,0.33488691837535883,0.10131475212291624,11.508157905868963,415.15963254671425,0.3348853636979259,0.04015843955261305
406,15,64,4096,0,950617441,0.33488691837535883,0.10131475212291624,9.71348564311526,256.09285981557224,0.0758655661212976,-0.11660172008675164
406,15,64,4096,1,950617442,0.33488691837535883,0.10131475212291624,8.317230512139801,175.38699811279207,0.0076338804315651985,-0.06313058764275799
406,15,64,4096,2,950617443,0.33488691837535883,0.10131475212291624,8.756535394469113,242.65629208218616,0.04442404497822924,0.0020587691845206924
406,15,64,4096,3,950617444,0.33488691837535883,0.10131475212291624,8.75417215826153,200.16046147949402,-0.011468677277311764,-0.17227890789919584
406,15,128,8192,0,950618529,0.33488691837535883,0.10131475212291624,7.053386121544306,153.95663814599902,0.2210546439262386,0.09578359374339718
406,15,128,8192,1,950618530,0.33488691837535883,0.10131475212291624,6.565084482382083,135.84193026349195,0.22621387765132103,-0.10407116598690822
406,15,128,8192,2,950618531,0.33488691837535883,0.10131475212291624,6.173173533768194,114.18590074594496,0.2281991388302254,0.10445938802398991
406,15,128,8192,3,950618532,0.33488691837535883,0.10131475212291624,6.591660091245827,103.99450430574132,0.18001013112681039,0.36413485664867684
406,15,256,16384,0,950620705,0.33488691837535883,0.10131475212291624,4.05108731018189,40.90674327724465,0.19989555758363048,-0.042938737760068485
406,15,256,16384,1,950620706,0.33488691837535883,0.10131475212291624,4.046374140971961,58.710396312589694,0.34107920785471635,0.00352859902873167
406,15,256,16384,2,950620707,0.33488691837535883,0.10131475212291624,4.38904069257383,60.64125899206958,0.2538907911588183,-0.10413954930441024
406,15,256,16384,3,950620708,0.33488691837535883,0.10131475212291624,3.950893333699686,44.42450599436683,0.051369473417795346,-0.1357309881207678
406,30,32,2048,0,950632032,0.25975366136945355,0.06956534343125453,15.48095108182832,612.0040663014418,-0.020657800087456112,0.10724331333005713
406,30,32,2048,1,950632033,0.25975366136945355,0.06956534343125453,13.908999488678818,420.74774389896436,-0.23966267323017515,-0.10880277448915877
406,30,32,2048,2,950632034,0.25975366136945355,0.06956534343125453,15.25766231486117,617.8713760840217,0.22759407995892314,-0.112878088712704
406,30,32,2048,3,950632035,0.25975366136945355,0.06956534343125453,16.953831096388445,776.6653410036672,0.06372502787426365,-0.14469010714059855
406,30,64,4096,0,950632576,0.25975366136945355,0.06956534343125453,12.143311465490108,551.3461101127976,0.12340587748608846,0.041039283977497246
406,30,64,4096,1,950632577,0.25975366136945355,0.06956534343125453,10.50684738488582,294.345769756661,0.09393002885594676,0.18863881239933233
406,30,64,4096,2,950632578,0.25975366136945355,0.06956534343125453,11.765309205222662,363.9488747181962,0.06603772444656136,-0.1272323348446543
406,30,64,4096,3,950632579,0.25975366136945355,0.06956534343125453,11.721446391564712,330.66588025697666,0.11081700102632065,0.19623727630018994
406,30,128,8192,0,950633664,0.25975366136945355,0.06956534343125453,8.195836341049564,165.560465740087,0.30087605201366735,-0.10386619016013417
406,30,128,8192,1,950633665,0.25975366136945355,0.06956534343125453,8.58658530499607,228.46694798790062,0.351952061419957,-0.07207543652593691
406,30,128,8192,2,950633666,0.25975366136945355,0.06956534343125453,7.269511770260408,171.83568819200144,-0.05674824962237005,-0.022298543330711733
406,30,128,8192,3,950633667,0.25975366136945355,0.06956534343125453,7.082169297181164,173.8875641845209,0.08190962005189344,0.17098822814954778
406,30,256,16384,0,950635840,0.25975366136945355,0.06956534343125453,5.50282800262202,67.13652874510014,0.039217578040700626,-0.16403854965111975
406,30,256,16384,1,950635841,0.25975366136945355,0.06956534343125453,5.873378747722828,86.49924177244156,0.18781164260337704,-0.03708925012243162
406,30,256,16384,2,950635842,0.25975366136945355,0.06956534343125453,4.788817527900213,70.34203248564707,0.2097722521662635,-0.012741496183050219
406,30,256,16384,3,950635843,0.25975366136945355,0.06956534343125453,6.440895309439457,108.24406729792246,0.27813098669139663,0.2330769571368305
407,0,32,2048,0,950701765,0.3631889119861014,0.1138109198613681,10.754445234909772,381.1698915497154,-0.015166946875868887,-0.13647404376104863
407,0,32,2048,1,950701766,0.3631889119861014,0.1138109198613681,10.253228469205826,314.6660125964232,-0.09596137047307597,-0.024938396491538662
407,0,32,2048,2,950701767,0.3631889119861014,0.1138109198613681,11.462966434647115,461.7390372000322,0.272739281028321,0.07635434290475743
407,0,32,2048,3,950701768,0.3631889119861014,0.1138109198613681,12.151293147805216,361.5090118538246,-0.13400766090222585,0.020371598961569162
407,0,64,4096,0,950702309,0.3631889119861014,0.1138109198613681,7.173706124803217,167.4382163334487,0.02890568652397386,-0.06899148254437931
407,0,64,4096,1,950702310,0.3631889119861014,0.1138109198613681,7.604858458505515,211.63356820612145,0.25981947817500506,0.3288145000925457
407,0,64,4096,2,950702311,0.3631889119861014,0.1138109198613681,7.5102684936305,159.4499289456641,0.055949918832195786,-0.1920914332988229
407,0,64,4096,3,950702312,0.3631889119861014,0.1138109198613681,7.344081578641747,189.29370645663732,0.027211320667478476,-0.059379755899025055
407,0,128,8192,0,950703397,0.3631889119861014,0.1138109198613681,5.641226398435719,86.8307711174538,0.07887083653153107,-0.03386262722327068
407,0,128,8192,1,950703398,0.3631889119861014,0.1138109198613681,5.3087577277195575,93.80071513708563,0.04907661330819707,-0.09938813003489548
407,0,128,8192,2,950703399,0.3631889119861014,0.1138109198613681,5.482933604312101,93.5969460997769,0.37107589224510307,0.2401815953106255
407,0,128,8192,3,950703400,0.3631889119861014,0.1138109198613681,5.379653617513225,99.02427505354422,0.06809387291722942,0.08070352740731868
407,0,256,16384,0,950705573,0.3631889119861014,0.1138109198613681,3.5370674683562515,42.37364870889035,0.21485587779317636,0.02636048323571422
407,0,256,16384,1,950705574,0.3631889119861014,0.1138109198613681,3.403518179947576,36.49865250181569,-0.08732433055801367,-0.19403848483095232
407,0,256,16384,2,950705575,0.3631889119861014,0.1138109198613681,3.554659676437782,45.86142801483929,0.21671935554683705,-0.14265705154959
407,0,256,16384,3,950705576,0.3631889119861014,0.1138109198613681,3.650015402727326,53.580440140886815,0.3827508497304524,-0.18304823270478318
407,15,32,2048,0,950716900,0.3368328062397994,0.10102045413056882,12.65026301266052,494.14788664825073,-0.0832032565855767,0.15234027364328623
407,15,32,2048,1,950716901,0.3368328062397994,0.10102045413056882,11.22701746151718,401.235883968782,0.2896953575959404,0.027232148270765137
407,15,32,2048,2,950716902,0.3368328062397994,0.10102045413056882,11.241627815123596,413.85206270285966,-0.00964385864065994,-0.08736973490422573
407,15,32,2048,3,950716903,0.3368328062397994,0.10102045413056882,11.728889425615481,385.3955309465728,0.18749545998822997,0.034117654255252844
407,15,64,4096,0,950717444,0.3368328062397994,0.10102045413056882,8.83805068833404,213.5781499443485,0.3156839385142545,-0.15777011446537784
407,15,64,4096,1,950717445,0.3368328062397994,0.10102045413056882,9.365464717893676,208.34256952902072,0.17999817850115934,-0.09932135851666862
407,15,64,4096,2,950717446,0.3368328062397994,0.10102045413056882,8.777983716427427,215.11312290055088,0.1356687681899607,-0.0622686335637588
407,15,64,4096,3,950717447,0.3368328062397994,0.10102045413056882,9.08611759421577,254.821634843219,0.24255503725365163,-0.005340847707516252
407,15,128,8192,0,950718532,0.3368328062397994,0.10102045413056882,6.010603349071667,96.94279857892074,0.20271826275308613,0.04946602992042679
407,15,128,8192,1,950718533,0.3368328062397994,0.10102045413056882,5.2589692763020714,88.70039266482534,0.20862626085274566,0.014014353345560128
407,15,128,8192,2,950718534,0.3368328062397994,0.10102045413056882,5.689725122342623,94.94331155815895,0.019462135001827356,-0.24291336061701743
407,15,128,8192,3,950718535,0.3368328062397994,0.10102045413056882,6.459810001917368,135.8017109992979,0.040308069533589945,-0.24210599023912557
407,15,256,16384,0,950720708,0.3368328062397994,0.10102045413056882,4.923141408767176,71.58118249987875,0.3028119231905263,-0.018782979133407048
407,15,256,16384,1,950720709,0.3368328062397994,0.10102045413056882,4.243615743945885,50.469572673242766,0.16211888736800678,0.11223450678966923
407,15,256,16384,2,950720710,0.3368328062397994,0.10102045413056882,4.230882363790784,51.40458292088402,0.021442136964665126,0.0519967753233305
407,15,256,16384,3,950720711,0.3368328062397994,0.10102045413056882,4.118947265630425,47.212419425247944,0.1638823977904957,-0.010342872166194896
407,30,32,2048,0,950732035,0.3201552098006793,0.10131968177594554,13.344427491961252,489.30557236555774,-0.01930832217915004,0.007734673513410503
407,30,32,2048,1,950732036,0.3201552098006793,0.10131968177594554,12.580878264688925,363.4640402010087,-0.15133002312260857,0.042140728244581586
407,30,32,2048,2,950732037,0.3201552098006793,0.10131968177594554,12.570660562487586,482.27873135252196,0.1643459684967687,0.157529493926846
407,30,32,2048,3,950732038,0.3201552098006793,0.10131968177594554,12.056450544973597,355.10010325455886,-0.2765405421598133,0.0321305904428582
407,30,64,4096,0,950732579,0.3201552098006793,0.10131968177594554,9.934576573388634,250.6683600162198,0.03829770072439425,-0.06986219682441079
407,30,64,4096,1,950732580,0.3201552098006793,0.10131968177594554,8.165335612683409,154.00363643903296,-0.08208806687681755,-0.0569250873594462
407,30,64,4096,2,950732581,0.3201552098006793,0.10131968177594554,9.388937259290401,269.6192171943134,0.026940139662094395,0.3516321154560634
407,30,64,4096,3,950732582,0.3201552098006793,0.10131968177594554,8.275096088028484,157.85216338089353,0.047281847021139335,-0.24288683559136676
407,30,128,8192,0,950733667,0.3201552098006793,0.10131968177594554,6.891931437075926,121.61316105421024,0.09264851059854917,-0.17705199196131421
407,30,128,8192,1,950733668,0.3201552098006793,0.10131968177594554,6.25381709509062,103.19851550842432,-0.11957092135744243,-0.06853174916107911
407,30,128,8192,2,950733669,0.3201552098006793,0.10131968177594554,6.109090998966441,115.683592828286,0.09707733399681638,-0.05802543348968645
407,30,128,8192,3,950733670,0.3201552098006793,0.10131968177594554,6.579954748839616,100.77888294128529,0.039319968056783484,0.060827218020479336
407,30,256,16384,0,950735843,0.3201552098006793,0.10131968177594554,4.863634369645635,61.42904100301198,0.33978148826224824,0.04960168732440577
407,30,256,16384,1,950735844,0.3201552098006793,0.10131968177594554,4.490536030136744,49.606201636527615,0.1127498989980725,-0.31983473987597916
407,30,256,16384,2,950735845,0.3201552098006793,0.10131968177594554,4.7068394011298125,54.8314105216546,0.04452678941656872,-0.0676821160261314
407,30,256,16384,3,950735846,0.3201552098006793,0.10131968177594554,4.896622058047968,68.26154846794341,0.23511094746967948,0.1397515482788261
408,0,32,2048,0,950801768,0.3521879520224364,0.09603418110623227,11.80195891841089,497.06087382767754,-0.03907895863359859,-0.04908422612886945
408,0,32,2048,1,950801769,0.3521879520224364,0.09603418110623227,12.568084723293035,407.0258351876431,0.04792237797229935,-0.011035619465482325
408,0,32,2048,2,950801770,0.3521879520224364,0.09603418110623227,11.082164675212555,435.19690646125616,0.1116134996157166,-0.21443529747004403
408,0,32,2048,3,950801771,0.3521879520224364,0.09603418110623227,11.039301382790132,324.68398906607365,0.040234040450451716,0.028094643207980392
408,0,64,4096,0,950802312,0.3521879520224364,0.09603418110623227,8.197302437027814,181.6750727982466,0.11484792470508585,0.10309225626813855
408,0,64,4096,1,950802313,0.3521879520224364,0.09603418110623227,7.505188366062499,179.41019770568226,-0.03554732552727175,-0.12183724831404645
408,0,64,4096,2,950802314,0.3521879520224364,0.09603418110623227,7.304323350803327,174.79975413960307,0.21961912377823178,0.21969242718748916
408,0,64,4096,3,950802315,0.3521879520224364,0.09603418110623227,7.72481645512518,249.95173463182195,0.11739210765094,-0.05553697401086305
408,0,128,8192,0,950803400,0.3521879520224364,0.09603418110623227,5.652514441180193,124.30703726210078,0.3794573111388261,0.1743696141132169
408,0,128,8192,1,950803401,0.3521879520224364,0.09603418110623227,5.172319230805551,76.85872193266844,0.14322356181671964,0.1670743924326982
408,0,128,8192,2,950803402,0.3521879520224364,0.09603418110623227,5.744491586817468,111.42082877068933,0.2803364802119762,0.12906393447624048
408,0,128,8192,3,950803403,0.3521879520224364,0.09603418110623227,5.668672671086866,110.5336003256112,0.20920755439910416,-0.15244434284090683
408,0,256,16384,0,950805576,0.3521879520224364,0.09603418110623227,3.50159602389793,42.21579027728554,0.06296777102777001,-0.17609326188900631
408,0,256,16384,1,950805577,0.3521879520224364,0.09603418110623227,4.237300882843044,49.67549103947552,0.06479428314359068,0.1049457176851407
408,0,256,16384,2,950805578,0.3521879520224364,0.09603418110623227,3.888176275209677,55.002945060566965,0.3015093953287841,-0.057808955909508304
408,0,256,16384,3,950805579,0.3521879520224364,0.09603418110623227,4.035248749216278,52.23942155900321,0.2095936262125097,-0.04309091183177658
408,15,32,2048,0,950816903,0.32989874270157843,0.09187233481457217,11.629355688131577,482.09400402139363,-0.15342979732574127,-0.0635183253944569
408,15,32,2048,1,950816904,0.32989874270157843,0.09187233481457217,10.946344316618386,283.6663952553257,0.16987833334530747,0.13327057431886657
408,15,32,2048,2,950816905,0.32989874270157843,0.09187233481457217,11.159469336129112,304.5353341459979,0.006000706395267465,-0.07998518826558622
408,15,32,2048,3,950816906,0.32989874270157843,0.09187233481457217,12.404515011272997,368.3154886172359,-0.0019665830459375732,-0.03240855709668787
408,15,64,4096,0,950817447,0.32989874270157843,0.09187233481457217,8.730876448006056,247.98580384146408,0.09876576140207555,0.15312430579581562
408,15,64,4096,1,950817448,0.32989874270157843,0.09187233481457217,8.58042411015453,221.90272733072953,0.21727949923603018,0.2871550403743623
408,15,64,4096,2,950817449,0.32989874270157843,0.09187233481457217,8.587541572522479,197.8112386219612,0.15825150651995207,-0.013460183673805786
408,15,64,4096,3,950817450,0.32989874270157843,0.09187233481457217,8.120542490656083,257.35191268780824,0.0990269759095974,-0.12080150123254951
408,15,128,8192,0,950818535,0.32989874270157843,0.09187233481457217,6.337783184193552,113.97596350508717,0.301479233746904,0.1367389554428856
408,15,128,8192,1,950818536,0.32989874270157843,0.09187233481457217,6.114890299743399,120.57805691401266,0.14605411106758973,0.10220083664321432
408,15,128,8192,2,950818537,0.32989874270157843,0.09187233481457217,6.936152448745154,145.7299888414396,0.10623708153979762,0.0627892725099675
408,15,128,8192,3,950818538,0.32989874270157843,0.09187233481457217,6.185965829777519,96.33839353674998,6.5863315049611e-05,0.12650196679549347
408,15,256,16384,0,950820711,0.32989874270157843,0.09187233481457217,3.8534581926292817,45.807255772834075,0.22994373595781165,-0.02961687502391439
408,15,256,16384,1,950820712,0.32989874270157843,0.09187233481457217,4.470423421556931,56.42056537105734,0.32025758498778034,0.16939695351976647
408,15,256,16384,2,950820713,0.32989874270157843,0.09187233481457217,4.6838412517775545,56.296614273498996,-0.03229291845544913,0.049145172859892464
408,15,256,16384,3,950820714,0.32989874270157843,0.09187233481457217,4.795277542099432,78.2299511720561,0.2966301514710713,-0.05632369556429354
408,30,32,2048,0,950832038,0.2891050658947921,0.07723486929682641,12.485355800926818,440.02595548322773,0.08902509748263816,-0.005737860008237371
408,30,32,2048,1,950832039,0.2891050658947921,0.07723486929682641,14.562568202650647,638.7032984230507,0.3843091786820356,0.05287587013471626
408,30,32,2048,2,950832040,0.2891050658947921,0.07723486929682641,14.190618425242347,540.6039162504138,-0.00037037753031807696,0.062205007403065865
408,30,32,2048,3,950832041,0.2891050658947921,0.07723486929682641,14.098224619668107,519.708150493462,0.04413433415145773,-0.35541443046987725
408,30,64,4096,0,950832582,0.2891050658947921,0.07723486929682641,10.409204845664881,330.75363020222744,0.1918731051937671,0.13748862717694277
408,30,64,4096,1,950832583,0.2891050658947921,0.07723486929682641,10.292567641114793,310.63674675042625,0.013254049936575675,0.16061828766231318
408,30,64,4096,2,950832584,0.2891050658947921,0.07723486929682641,8.960106147942971,240.06351867553965,-0.008437499105517592,-0.07978548886831588
408,30,64,4096,3,950832585,0.2891050658947921,0.07723486929682641,10.062831983775169,296.3219007438896,0.03767016480232037,0.005123049952107938
408,30,128,8192,0,950833670,0.2891050658947921,0.07723486929682641,6.791886084637409,123.34110949994798,0.22869634993973456,-0.052852866592687606
408,30,128,8192,1,950833671,0.2891050658947921,0.07723486929682641,7.315114403199181,149.23760799501272,0.08343645144138867,-0.04007198613570366
408,30,128,8192,2,950833672,0.2891050658947921,0.07723486929682641,6.294151151128957,155.83913734172972,0.2051033248508958,0.058206496843697546
408,30,128,8192,3,950833673,0.2891050658947921,0.07723486929682641,7.283969893881258,137.17525687979895,0.1105487043782064,0.09604215638016732
408,30,256,16384,0,950835846,0.2891050658947921,0.07723486929682641,4.200726827270649,45.92674917234257,0.2617085223702223,-0.06616885335667713
408,30,256,16384,1,950835847,0.2891050658947921,0.07723486929682641,5.2635061717824865,81.00826716465157,0.2692868109084631,0.16035218963119455
408,30,256,16384,2,950835848,0.2891050658947921,0.07723486929682641,5.453700649201898,91.86339246481478,0.33064199871838185,0.20982026287540567
408,30,256,16384,3,950835849,0.2891050658947921,0.07723486929682641,4.8778866750879315,67.69786593309858,0.3701324174761644,0.03575893820598374
409,0,32,2048,0,950901771,0.377072168932153,0.12267534069691852,10.055956170568802,232.08825551324745,0.023655091129560116,0.10012481702465154
409,0,32,2048,1,950901772,0.377072168932153,0.12267534069691852,10.705589435910346,318.6801737771092,0.05295787839213296,-0.05835706729020273
409,0,32,2048,2,950901773,0.377072168932153,0.12267534069691852,8.247961811871743,258.1340787047725,0.054270981585875074,-0.09832177717676983
409,0,32,2048,3,950901774,0.377072168932153,0.12267534069691852,10.01996122736789,269.0570711496755,-0.21705438046045009,0.20633990523264342
409,0,64,4096,0,950902315,0.377072168932153,0.12267534069691852,6.543660430191284,159.01808506888005,0.18168459707675094,0.1506473362126835
409,0,64,4096,1,950902316,0.377072168932153,0.12267534069691852,7.406554393149143,184.4100254787548,0.2064220267253308,0.037621125845545104
409,0,64,4096,2,950902317,0.377072168932153,0.12267534069691852,6.931722878738823,135.61667886078752,0.049496222181352446,0.02360714495257338
409,0,64,4096,3,950902318,0.377072168932153,0.12267534069691852,6.502973270855171,117.62500216179119,0.10561110674845978,-0.05766004748803258
409,0,128,8192,0,950903403,0.377072168932153,0.12267534069691852,5.920543903266611,112.66959719997774,0.28098298588215204,0.1568232745976957
409,0,128,8192,1,950903404,0.377072168932153,0.12267534069691852,5.577310227894655,82.8871575855771,0.35734647804130215,0.07208984735048922
409,0,128,8192,2,950903405,0.377072168932153,0.12267534069691852,4.475431255085764,84.42076257613776,0.23457120986477145,0.08312540847865002
409,0,128,8192,3,950903406,0.377072168932153,0.12267534069691852,5.130429389472138,70.48419071767945,0.2275210845128496,0.08213982791889295
409,0,256,16384,0,950905579,0.377072168932153,0.12267534069691852,3.5571915264987464,45.55669607930997,0.2199985260983566,0.18173966324348875
409,0,256,16384,1,950905580,0.377072168932153,0.12267534069691852,3.9798614147970763,47.90064972590329,0.17584258810180287,0.03295170704531796
409,0,256,16384,2,950905581,0.377072168932153,0.12267534069691852,3.5167211850341507,45.710528674586214,0.3483118864217138,-0.08036787771434643
409,0,256,16384,3,950905582,0.377072168932153,0.12267534069691852,3.705860716729666,44.08509160850173,0.18950111227987432,-0.07676770004371712
409,15,32,2048,0,950916906,0.34600598834187385,0.11620581531823176,10.871922564295334,303.1576581231721,0.09755044034338975,-0.0562959664038602
409,15,32,2048,1,950916907,0.34600598834187385,0.11620581531823176,9.383322185636812,263.43848104662527,-0.020458733787375998,-0.16910914051429618
409,15,32,2048,2,950916908,0.34600598834187385,0.11620581531823176,10.963001413242067,371.7317590549614,0.1417457347067817,-0.11277967461967098
409,15,32,2048,3,950916909,0.34600598834187385,0.11620581531823176,11.077942038976833,333.1758266539174,-0.019789883519288766,-0.028296507245303984
409,15,64,4096,0,950917450,0.34600598834187385,0.11620581531823176,7.943017323933973,183.3952725660064,0.2949288799370782,0.2669693378709198
409,15,64,4096,1,950917451,0.34600598834187385,0.11620581531823176,7.948637314337909,217.06072774810815,0.12206314904708891,-0.2787516421883632
409,15,64,4096,2,950917452,0.34600598834187385,0.11620581531823176,7.443738280059173,135.77905912665375,0.13801120097792,0.06391782152583494
409,15,64,4096,3,950917453,0.34600598834187385,0.11620581531823176,8.465130281031039,197.0349618429351,0.10756969935723307,-0.09578645819138604
409,15,128,8192,0,950918538,0.34600598834187385,0.11620581531823176,6.548179503436831,127.9467328132046,0.3847495175718196,-0.1262794674716107
409,15,128,8192,1,950918539,0.34600598834187385,0.11620581531823176,4.9559327899133505,77.4135301136483,0.17406479585695628,-0.025508791180139618
409,15,128,8192,2,950918540,0.34600598834187385,0.11620581531823176,5.257241364768745,81.92747628128902,0.17894016406011065,0.0008222477375969122
409,15,128,8192,3,950918541,0.34600598834187385,0.11620581531823176,5.326276161431653,67.58019426190259,0.2362367008706326,0.2606946777291259
409,15,256,16384,0,950920714,0.34600598834187385,0.11620581531823176,4.063219800168763,51.56066670997575,0.3437789556246236,0.25858359786592544
409,15,256,16384,1,950920715,0.34600598834187385,0.11620581531823176,4.224662409747159,47.163105524786104,0.35566577565977786,0.21263896945482164
409,15,256,16384,2,950920716,0.34600598834187385,0.11620581531823176,4.094914312777964,43.066848781839,-0.029463223044782123,-0.03677696028925783
409,15,256,16384,3,950920717,0.34600598834187385,0.11620581531823176,4.485584474939076,56.492510410767125,0.2262855709004443,0.01776300431151434
409,30,32,2048,0,950932041,0.2840886316217379,0.0838213664030875,13.642862503188553,356.7991136305355,0.03566395914018656,-0.21890443068431337
409,30,32,2048,1,950932042,0.2840886316217379,0.0838213664030875,13.873150116551217,469.99770418258186,0.149293215376597,0.12189163088859178
409,30,32,2048,2,950932043,0.2840886316217379,0.0838213664030875,15.16895630863287,480.16751358831175,0.1658339900830637,0.04634444873983404
409,30,32,2048,3,950932044,0.2840886316217379,0.0838213664030875,14.2665488411048,437.2079722425493,0.036987009431984415,-0.04880344465986005
409,30,64,4096,0,950932585,0.2840886316217379,0.0838213664030875,9.881780108934098,303.8250569853158,0.09209347848907934,-0.19003252063015624
409,30,64,4096,1,950932586,0.2840886316217379,0.0838213664030875,10.772648018382332,354.0556315953045,-0.04049999761843405,-0.03499844558870413
409,30,64,4096,2,950932587,0.2840886316217379,0.0838213664030875,10.178928343213315,260.78648389908506,0.18077483817690904,0.11904931989100218
409,30,64,4096,3,950932588,0.2840886316217379,0.0838213664030875,8.194895195571915,206.62674054704667,0.2996547362803575,0.02902966684506849
409,30,128,8192,0,950933673,0.2840886316217379,0.0838213664030875,6.757766994109358,142.99973324217086,0.48907067754417394,-0.16199936271985427
409,30,128,8192,1,950933674,0.2840886316217379,0.0838213664030875,7.372330773303553,127.50277309785459,0.11493923291616692,-0.04394617547651106
409,30,128,8192,2,950933675,0.2840886316217379,0.0838213664030875,6.507251613830803,101.47261628582663,0.19791337597994904,0.13826839070737718
409,30,128,8192,3,950933676,0.2840886316217379,0.0838213664030875,6.816712855378377,104.55066208217961,0.03903072122183219,0.11824214513755289
409,30,256,16384,0,950935849,0.2840886316217379,0.0838213664030875,4.677502138103729,68.53298878122646,0.34710892679383387,0.09245250668404527
409,30,256,16384,1,950935850,0.2840886316217379,0.0838213664030875,5.657332735400872,67.86774002646447,0.4109940495388238,0.2705979543979382
409,30,256,16384,2,950935851,0.2840886316217379,0.0838213664030875,4.8159639191874515,68.51434389669939,0.2087469562644696,-0.18008347353342785
409,30,256,16384,3,950935852,0.2840886316217379,0.0838213664030875,5.039197597302355,60.978403252722345,0.23819437052516748,-0.02723016038391973
410,0,32,2048,0,951001774,0.31998972659933617,0.09369487685294992,10.786443717334702,294.0172779161933,0.1296718647878439,-0.10166277697404048
410,0,32,2048,1,951001775,0.31998972659933617,0.09369487685294992,13.032477197416581,620.4426966247486,0.1429447019751233,0.0308900644185658
410,0,32,2048,2,951001776,0.31998972659933617,0.09369487685294992,13.233208891676982,379.42461033091865,-0.03319709539800665,-0.015393852835973668
410,0,32,2048,3,951001777,0.31998972659933617,0.09369487685294992,12.113878523317444,424.53162823910515,0.2040918946767986,0.16706426992061618
410,0,64,4096,0,951002318,0.31998972659933617,0.09369487685294992,8.203918032365378,204.30106055299382,0.025914587230052525,-0.008472443332424483
410,0,64,4096,1,951002319,0.31998972659933617,0.09369487685294992,8.871384578471579,198.2521156478821,0.26061760163203607,-0.022232574160384287
410,0,64,4096,2,951002320,0.31998972659933617,0.09369487685294992,8.870612564105151,199.925686574864,-0.08488657853949659,0.10014517417123689
410,0,64,4096,3,951002321,0.31998972659933617,0.09369487685294992,8.564744454322033,196.1930559527609,0.04194413688568003,-0.14924606570877083
410,0,128,8192,0,951003406,0.31998972659933617,0.09369487685294992,6.420864873285011,105.41654923166394,0.15894336488910873,0.12547775677386222
410,0,128,8192,1,951003407,0.31998972659933617,0.09369487685294992,5.517537355781818,70.47844812307508,0.16166297156332476,-0.09420372044293465
410,0,128,8192,2,951003408,0.31998972659933617,0.09369487685294992,6.8520327756847275,135.2426480159795,0.21019910170527567,0.007191191117575038
410,0,128,8192,3,951003409,0.31998972659933617,0.09369487685294992,6.603149160241093,117.88452305882987,0.123434190221668,-0.020715634474264034
410,0,256,16384,0,951005582,0.31998972659933617,0.09369487685294992,3.6862311106922117,40.8600771827689,0.2270967766925732,0.2544360818638077
410,0,256,16384,1,951005583,0.31998972659933617,0.09369487685294992,4.5662479701379075,58.39100796802754,0.004854124767160801,0.36329825681014644
410,0,256,16384,2,951005584,0.31998972659933617,0.09369487685294992,4.613360128804721,58.66682541964011,0.3134269862507991,0.015434399573396864
410,0,256,16384,3,951005585,0.31998972659933617,0.09369487685294992,4.196204775711176,55.749747579378564,0.0670250331267929,0.2422375287654614
410,15,32,2048,0,951016909,0.2953204313171523,0.08883965891185594,13.866201833205633,477.9175484312284,-0.011113616917265857,-0.11908006942758348
410,15,32,2048,1,951016910,0.2953204313171523,0.08883965891185594,13.00447953387412,381.770966960358,0.12743545649298527,-0.08172977739308306
410,15,32,2048,2,951016911,0.2953204313171523,0.08883965891185594,15.252252381972792,491.2896010740949,0.19439129016546552,-0.0844380819821663
410,15,32,2048,3,951016912,0.2953204313171523,0.08883965891185594,13.192749219273038,360.8002408020324,-0.041918996989817305,-0.03163461145083451
410,15,64,4096,0,951017453,0.2953204313171523,0.08883965891185594,9.136054770651564,233.32510216826228,0.0939965901554645,0.2804156253533753
410,15,64,4096,1,951017454,0.2953204313171523,0.08883965891185594,8.695080768246479,228.340751086967,0.0483019102122752,-0.005257090470083887
410,15,64,4096,2,951017455,0.2953204313171523,0.08883965891185594,8.913998412499549,183.0029503075962,-0.027133139757433044,0.22719421160418463
410,15,64,4096,3,951017456,0.2953204313171523,0.08883965891185594,9.77177036163567,259.01739019083294,0.1791320841885154,0.08039070841342115
410,15,128,8192,0,951018541,0.2953204313171523,0.08883965891185594,6.384158488224225,97.88140711748784,0.1479504063171385,0.11241264537015304
410,15,128,8192,1,951018542,0.2953204313171523,0.08883965891185594,6.168123448791087,110.67475549667621,0.1611332645149842,-0.009971961303228515
410,15,128,8192,2,951018543,0.2953204313171523,0.08883965891185594,6.087676890389947,121.02248500890916,0.36125923292468304,-0.0014946448649503252
410,15,128,8192,3,951018544,0.2953204313171523,0.08883965891185594,5.6167607876147025,80.25494620362979,0.06865751518810266,-0.0024439998878843603
410,15,256,16384,0,951020717,0.2953204313171523,0.08883965891185594,4.971134976253877,68.38044357481692,0.3521960325879461,0.102185916940869
410,15,256,16384,1,951020718,0.2953204313171523,0.08883965891185594,4.597401489971941,49.28818505817843,-0.009518163542965181,0.17823761513010197
410,15,256,16384,2,951020719,0.2953204313171523,0.08883965891185594,4.574649145776477,51.57502060182963,0.23507260933287213,-0.041569673940902926
410,15,256,16384,3,951020720,0.2953204313171523,0.08883965891185594,4.446148646327658,60.10778150106139,0.44478614087204293,-0.02884032419735318
410,30,32,2048,0,951032044,0.25713203411137986,0.07413904459925791,16.15822828399884,596.9761986786584,0.16837559679868533,0.03713586646496248
410,30,32,2048,1,951032045,0.25713203411137986,0.07413904459925791,15.238087431893751,564.5296591660025,-0.06373300095273347,-0.12210634238362365
410,30,32,2048,2,951032046,0.25713203411137986,0.07413904459925791,14.41421395327372,492.62111349303507,0.17658838123732576,0.15030749592507675
410,30,32,2048,3,951032047,0.25713203411137986,0.07413904459925791,13.867438997103998,518.8766577109061,0.09955849475612671,-0.244799223966434
410,30,64,4096,0,951032588,0.25713203411137986,0.07413904459925791,11.237687611910989,300.44297275035507,0.17716223446031437,-0.08656866983959194
410,30,64,4096,1,951032589,0.25713203411137986,0.07413904459925791,8.851384957198547,227.71282430589415,0.18708656653239986,0.22502299837570808
410,30,64,4096,2,951032590,0.25713203411137986,0.07413904459925791,10.795614617813227,368.4936611896983,0.2091380294525494,0.2103796458973154
410,30,64,4096,3,951032591,0.25713203411137986,0.07413904459925791,10.344248035392916,288.9820419383855,0.129654092209797,-0.1944809791762257
410,30,128,8192,0,951033676,0.25713203411137986,0.07413904459925791,7.796138809518896,156.00563414499848,-0.0675729945897588,-0.05056918131419384
410,30,128,8192,1,951033677,0.25713203411137986,0.07413904459925791,7.498821235413902,131.0567750052067,0.03707751049260484,-0.034663241142785454
410,30,128,8192,2,951033678,0.25713203411137986,0.07413904459925791,8.322095329091802,175.17404885912507,0.11654486465797453,-0.07986343631749242
410,30,128,8192,3,951033679,0.25713203411137986,0.07413904459925791,7.555108388805092,115.38996700872609,0.06074336672477417,-0.0268663662357861
410,30,256,16384,0,951035852,0.25713203411137986,0.07413904459925791,5.110185936043611,82.89891752146772,0.24678294510219168,0.12452310287164255
410,30,256,16384,1,951035853,0.25713203411137986,0.07413904459925791,5.700542311875534,72.69765283247054,0.14879667207560857,-0.004924559854293333
410,30,256,16384,2,951035854,0.25713203411137986,0.07413904459925791,5.855999352154845,95.65185934202061,0.16350202658732457,0.1875354994820606
410,30,256,16384,3,951035855,0.25713203411137986,0.07413904459925791,5.647318781943596,67.42192678126308,-0.013309487807435898,-0.1036068867140026
411,0,32,2048,0,951101777,0.37894706250467824,0.12298189679781621,11.43463088388165,321.57650015753956,0.0732718918849786,0.061898865309978256
411,0,32,2048,1,951101778,0.37894706250467824,0.12298189679781621,10.474025088052427,379.611022399391,0.03746957942495093,-0.20049749172542175
411,0,32,2048,2,951101779,0.37894706250467824,0.12298189679781621,10.44179396350361,378.2114550612202,0.22648985093936014,0.12197119841007929
411,0,32,2048,3,951101780,0.37894706250467824,0.12298189679781621,12.128636385303546,415.46347250850044,0.2598746213644529,0.10586376583007998
411,0,64,4096,0,951102321,0.37894706250467824,0.12298189679781621,8.158843336905903,159.09530064766645,0.06573256034529681,0.14961951816342284
411,0,64,4096,1,951102322,0.37894706250467824,0.12298189679781621,8.503460591400387,275.4087262772285,0.08799533721364863,-0.03974433789442728
411,0,64,4096,2,951102323,0.37894706250467824,0.12298189679781621,7.229258136805878,200.55998538517548,-0.004311900656698003,-0.08300085706508117
411,0,64,4096,3,951102324,0.37894706250467824,0.12298189679781621,7.726829360268178,159.59749085335633,0.3497692496061216,0.1038199249626993
411,0,128,8192,0,951103409,0.37894706250467824,0.12298189679781621,5.115990796022116,66.33301479603088,0.08559457419810756,0.21725093576996943
411,0,128,8192,1,951103410,0.37894706250467824,0.12298189679781621,5.563133561757416,82.48438798098347,0.33984237163274955,0.08408073221858867
411,0,128,8192,2,951103411,0.37894706250467824,0.12298189679781621,5.358931026640696,79.58456974570485,0.07142270309823592,0.13001625378253787
411,0,128,8192,3,951103412,0.37894706250467824,0.12298189679781621,5.2841725777221145,77.2257021100433,0.43218413852089727,0.1391427614967537
411,0,256,16384,0,951105585,0.37894706250467824,0.12298189679781621,3.4369032582431003,44.20496263628102,0.34780779902327474,0.03268213941657478
411,0,256,16384,1,951105586,0.37894706250467824,0.12298189679781621,3.521391842757043,37.16137232097298,0.23519096973120637,-0.009902080712878788
411,0,256,16384,2,951105587,0.37894706250467824,0.12298189679781621,3.6633556504416,46.71687732496942,0.41502037634382594,-0.09838261749001964
411,0,256,16384,3,951105588,0.37894706250467824,0.12298189679781621,3.7087648600267036,38.62543303803875,0.07003526647394848,0.02176881365126121
411,15,32,2048,0,951116912,0.3357273417002944,0.1006264750518021,12.976432440799872,415.4404366867219,0.25945298623379176,0.03141458067707241
411,15,32,2048,1,951116913,0.3357273417002944,0.1006264750518021,12.467066051360506,604.6488623473265,0.18240784890814055,0.06590477022232437
411,15,32,2048,2,951116914,0.3357273417002944,0.1006264750518021,10.942273054670439,297.51270362709937,0.03337868619646647,-0.00443622315817893
411,15,32,2048,3,951116915,0.3357273417002944,0.1006264750518021,11.729954198207954,387.62006235428885,0.04657209805988972,-0.046402926189269465
411,15,64,4096,0,951117456,0.3357273417002944,0.1006264750518021,8.416685047319438,182.7146790583035,-0.05420174804179421,0.09778828025544854
411,15,64,4096,1,951117457,0.3357273417002944,0.1006264750518021,8.577800397482156,252.5273974982166,0.1164481480853657,-0.16346637391241406
411,15,64,4096,2,951117458,0.3357273417002944,0.1006264750518021,8.75416916766901,220.87751734172647,0.2681118319558371,0.08968732341577494
411,15,64,4096,3,951117459,0.3357273417002944,0.1006264750518021,8.683176385929105,174.2195081021229,0.20465077043639573,-0.009648198116414113
411,15,128,8192,0,951118544,0.3357273417002944,0.1006264750518021,6.02584551728625,101.46758776148056,0.26803824281765476,0.03152043256140981
411,15,128,8192,1,951118545,0.3357273417002944,0.1006264750518021,6.008939810104472,97.79044304194086,0.23899797545758023,0.108267442326458
411,15,128,8192,2,951118546,0.3357273417002944,0.1006264750518021,5.421717575897861,94.01241989240697,0.22877386717816878,0.22743674548635376
411,15,128,8192,3,951118547,0.3357273417002944,0.1006264750518021,6.262388410390879,125.52867873559171,0.15199930482380222,-0.1141781017739983
411,15,256,16384,0,951120720,0.3357273417002944,0.1006264750518021,3.649350986540259,54.821032463894774,0.3118110722833549,0.008636116913436557
411,15,256,16384,1,951120721,0.3357273417002944,0.1006264750518021,4.266369948924053,53.33694524303106,0.14301289484410706,0.303437156951729
411,15,256,16384,2,951120722,0.3357273417002944,0.1006264750518021,3.9566739707166874,44.388292262819654,0.00588450009079916,-0.15651413425891553
411,15,256,16384,3,951120723,0.3357273417002944,0.1006264750518021,4.514907309910976,55.81528020108114,0.15386490522533827,0.2823157995314752
411,30,32,2048,0,951132047,0.29465981467021124,0.07946019872967143,14.33096982909044,582.728678539708,-0.11813506156020735,-0.09638178553621449
411,30,32,2048,1,951132048,0.29465981467021124,0.07946019872967143,12.896744283638508,467.73894896737255,0.025214537195274087,0.07512824919486263
411,30,32,2048,2,951132049,0.29465981467021124,0.07946019872967143,11.956563620194487,357.48201825279034,-0.04329950746869622,0.12815100614991828
411,30,32,2048,3,951132050,0.29465981467021124,0.07946019872967143,14.593503995993723,518.457627965325,0.06420561947435328,0.128654260946764
411,30,64,4096,0,951132591,0.29465981467021124,0.07946019872967143,11.01812103702686,363.33628925506736,0.1755677096444919,0.01387378847362197
411,30,64,4096,1,951132592,0.29465981467021124,0.07946019872967143,9.821528811191161,341.27676068812303,0.18982782519460573,-0.045704644724833515
411,30,64,4096,2,951132593,0.29465981467021124,0.07946019872967143,10.286211984037102,283.98804339868366,0.21049771782087787,0.07361699323438456
411,30,64,4096,3,951132594,0.29465981467021124,0.07946019872967143,9.087687840851288,242.07178839200498,0.13394795416324035,-0.054192432387396405
411,30,128,8192,0,951133679,0.29465981467021124,0.07946019872967143,7.045040191406759,130.77288809241122,0.2000231173165605,0.06764263645598835
411,30,128,8192,1,951133680,0.29465981467021124,0.07946019872967143,7.668304121772459,174.64702327118226,0.06263129559679893,-0.0006309976880055076
411,30,128,8192,2,951133681,0.29465981467021124,0.07946019872967143,8.070892716187085,167.30904024616086,-0.09244284294381049,0.001095297960644738
411,30,128,8192,3,951133682,0.29465981467021124,0.07946019872967143,6.783602569342491,123.8739487349321,0.103762273329241,-0.02902042718932012
411,30,256,16384,0,951135855,0.29465981467021124,0.07946019872967143,4.628443669614333,78.52717333863855,0.2492142993383134,0.24183762539247564
411,30,256,16384,1,951135856,0.29465981467021124,0.07946019872967143,5.096430065301232,61.03101632251543,0.07919641706274545,-0.01432465201850807
411,30,256,16384,2,951135857,0.29465981467021124,0.07946019872967143,4.6759397688813955,71.86044105916842,0.15821375848000926,0.0334338739971469
411,30,256,16384,3,951135858,0.29465981467021124,0.07946019872967143,4.261894104777079,52.26545419813816,0.27267210133446934,0.041173186975627094
